,country_id,country,happiness_score
0,0,Spain,6.40299987792969
1,1,France,6.44199991226196
2,2,Germany,6.9510002136230495
3,3,United Kingdom,6.71400022506714
4,4,United States,6.993000030517581
